play_id,game_id,old_game_id,home_team,away_team,season_type,week,posteam,posteam_type,defteam,side_of_field,yardline_100,game_date,quarter_seconds_remaining,half_seconds_remaining,game_seconds_remaining,game_half,quarter_end,drive,sp,qtr,down,goal_to_go,time,yrdln,ydstogo,ydsnet,desc,play_type,yards_gained,shotgun,no_huddle,qb_dropback,qb_kneel,qb_spike,qb_scramble,pass_length,pass_location,air_yards,yards_after_catch,run_location,run_gap,field_goal_result,kick_distance,extra_point_result,two_point_conv_result,home_timeouts_remaining,away_timeouts_remaining,timeout,timeout_team,td_team,td_player_name,td_player_id,posteam_timeouts_remaining,defteam_timeouts_remaining,total_home_score,total_away_score,posteam_score,defteam_score,score_differential,posteam_score_post,defteam_score_post,score_differential_post,no_score_prob,opp_fg_prob,opp_safety_prob,opp_td_prob,fg_prob,safety_prob,td_prob,extra_point_prob,two_point_conversion_prob,ep,epa,total_home_epa,total_away_epa,total_home_rush_epa,total_away_rush_epa,total_home_pass_epa,total_away_pass_epa,air_epa,yac_epa,comp_air_epa,comp_yac_epa,total_home_comp_air_epa,total_away_comp_air_epa,total_home_comp_yac_epa,total_away_comp_yac_epa,total_home_raw_air_epa,total_away_raw_air_epa,total_home_raw_yac_epa,total_away_raw_yac_epa,wp,def_wp,home_wp,away_wp,wpa,vegas_wpa,vegas_home_wpa,home_wp_post,away_wp_post,vegas_wp,vegas_home_wp,total_home_rush_wpa,total_away_rush_wpa,total_home_pass_wpa,total_away_pass_wpa,air_wpa,yac_wpa,comp_air_wpa,comp_yac_wpa,total_home_comp_air_wpa,total_away_comp_air_wpa,total_home_comp_yac_wpa,total_away_comp_yac_wpa,total_home_raw_air_wpa,total_away_raw_air_wpa,total_home_raw_yac_wpa,total_away_raw_yac_wpa,punt_blocked,first_down_rush,first_down_pass,first_down_penalty,third_down_converted,third_down_failed,fourth_down_converted,fourth_down_failed,incomplete_pass,touchback,interception,punt_inside_twenty,punt_in_endzone,punt_out_of_bounds,punt_downed,punt_fair_catch,kickoff_inside_twenty,kickoff_in_endzone,kickoff_out_of_bounds,kickoff_downed,kickoff_fair_catch,fumble_forced,fumble_not_forced,fumble_out_of_bounds,solo_tackle,safety,penalty,tackled_for_loss,fumble_lost,own_kickoff_recovery,own_kickoff_recovery_td,qb_hit,rush_attempt,pass_attempt,sack,touchdown,pass_touchdown,rush_touchdown,return_touchdown,extra_point_attempt,two_point_attempt,field_goal_attempt,kickoff_attempt,punt_attempt,fumble,complete_pass,assist_tackle,lateral_reception,lateral_rush,lateral_return,lateral_recovery,passer_player_id,passer_player_name,passing_yards,receiver_player_id,receiver_player_name,receiving_yards,rusher_player_id,rusher_player_name,rushing_yards,lateral_receiver_player_id,lateral_receiver_player_name,lateral_receiving_yards,lateral_rusher_player_id,lateral_rusher_player_name,lateral_rushing_yards,lateral_sack_player_id,lateral_sack_player_name,interception_player_id,interception_player_name,lateral_interception_player_id,lateral_interception_player_name,punt_returner_player_id,punt_returner_player_name,lateral_punt_returner_player_id,lateral_punt_returner_player_name,kickoff_returner_player_name,kickoff_returner_player_id,lateral_kickoff_returner_player_id,lateral_kickoff_returner_player_name,punter_player_id,punter_player_name,kicker_player_name,kicker_player_id,own_kickoff_recovery_player_id,own_kickoff_recovery_player_name,blocked_player_id,blocked_player_name,tackle_for_loss_1_player_id,tackle_for_loss_1_player_name,tackle_for_loss_2_player_id,tackle_for_loss_2_player_name,qb_hit_1_player_id,qb_hit_1_player_name,qb_hit_2_player_id,qb_hit_2_player_name,forced_fumble_player_1_team,forced_fumble_player_1_player_id,forced_fumble_player_1_player_name,forced_fumble_player_2_team,forced_fumble_player_2_player_id,forced_fumble_player_2_player_name,solo_tackle_1_team,solo_tackle_2_team,solo_tackle_1_player_id,solo_tackle_2_player_id,solo_tackle_1_player_name,solo_tackle_2_player_name,assist_tackle_1_player_id,assist_tackle_1_player_name,assist_tackle_1_team,assist_tackle_2_player_id,assist_tackle_2_player_name,assist_tackle_2_team,assist_tackle_3_player_id,assist_tackle_3_player_name,assist_tackle_3_team,assist_tackle_4_player_id,assist_tackle_4_player_name,assist_tackle_4_team,tackle_with_assist,tackle_with_assist_1_player_id,tackle_with_assist_1_player_name,tackle_with_assist_1_team,tackle_with_assist_2_player_id,tackle_with_assist_2_player_name,tackle_with_assist_2_team,pass_defense_1_player_id,pass_defense_1_player_name,pass_defense_2_player_id,pass_defense_2_player_name,fumbled_1_team,fumbled_1_player_id,fumbled_1_player_name,fumbled_2_player_id,fumbled_2_player_name,fumbled_2_team,fumble_recovery_1_team,fumble_recovery_1_yards,fumble_recovery_1_player_id,fumble_recovery_1_player_name,fumble_recovery_2_team,fumble_recovery_2_yards,fumble_recovery_2_player_id,fumble_recovery_2_player_name,sack_player_id,sack_player_name,half_sack_1_player_id,half_sack_1_player_name,half_sack_2_player_id,half_sack_2_player_name,return_team,return_yards,penalty_team,penalty_player_id,penalty_player_name,penalty_yards,replay_or_challenge,replay_or_challenge_result,penalty_type,defensive_two_point_attempt,defensive_two_point_conv,defensive_extra_point_attempt,defensive_extra_point_conv,safety_player_name,safety_player_id,season,cp,cpoe,series,series_success,series_result,order_sequence,start_time,time_of_day,stadium,weather,nfl_api_id,play_clock,play_deleted,play_type_nfl,special_teams_play,st_play_type,end_clock_time,end_yard_line,fixed_drive,fixed_drive_result,drive_real_start_time,drive_play_count,drive_time_of_possession,drive_first_downs,drive_inside20,drive_ended_with_score,drive_quarter_start,drive_quarter_end,drive_yards_penalized,drive_start_transition,drive_end_transition,drive_game_clock_start,drive_game_clock_end,drive_start_yard_line,drive_end_yard_line,drive_play_id_started,drive_play_id_ended,away_score,home_score,location,result,total,spread_line,total_line,div_game,roof,surface,temp,wind,home_coach,away_coach,stadium_id,game_stadium,aborted_play,success,passer,passer_jersey_number,rusher,rusher_jersey_number,receiver,receiver_jersey_number,pass,rush,first_down,special,play,passer_id,rusher_id,receiver_id,name,jersey_number,id,fantasy_player_name,fantasy_player_id,fantasy,fantasy_id,out_of_bounds,home_opening_kickoff,qb_epa,xyac_epa,xyac_mean_yardage,xyac_median_yardage,xyac_success,xyac_fd,xpass,pass_oe
1.0,2024_01_ARI_BUF,2024090801,BUF,ARI,REG,1,,,,,,2024-09-08,900.0,1800.0,3600.0,Half1,0.0,,0.0,1.0,,0,15:00,BUF 35,0.0,,GAME,,,0.0,0.0,,0.0,0.0,0.0,,,,,,,,,,,3.0,3.0,,,,,,,,0.0,0.0,,,,,,,0.0,0.0,0.0,0.0,0.0,0.0,0.0,0.0,0.0,0.77022237,-0.0,0.0,0.0,0.0,0.0,0.0,0.0,,,,,0.0,0.0,0.0,0.0,0.0,0.0,0.0,0.0,0.43320796,0.566792,0.566792,0.43320796,-0.0,-0.0,0.0,,,0.25038627,0.74961376,0.0,0.0,0.0,0.0,,,,,0.0,0.0,0.0,0.0,0.0,0.0,0.0,0.0,,,,,,,,,,0.0,,,,,,,,,,,,,,,,,,,,,,,,,,,,,,,,,,,,,,,,,,,,,,,,,,,,,,,,,,,,,,,,,,,,,,,,,,,,,,,,,,,,,,,,,,,,,,,,,,,,,,,,,,,,,,,,,,,,,,,,,,,,,,,,,,,,,,,,,,,,,,,,,,,,0.0,,,,,,,,,2024,,,1.0,1.0,First down,1.0,"9/8/24, 13:03:02",,Highmark Stadium,"Clouds and sun with wind Temp: 61° F, Humidity: 55%, Wind: W 20 mph",7d40236a-1312-11ef-afd1-646009f18b2e,0,0.0,GAME_START,0.0,,,,1.0,Touchdown,,,,,,,,,,,,,,,,,,28,34,Home,6,62,6.5,46.0,0,outdoors,a_turf,61.0,20.0,Sean McDermott,Jonathan Gannon,BUF00,New Era Field,0.0,0.0,,,,,,,0.0,0.0,,0.0,0.0,,,,,,,,,,,0.0,0.0,-0.0,,,,,,,
40.0,2024_01_ARI_BUF,2024090801,BUF,ARI,REG,1,ARI,away,BUF,BUF,35.0,2024-09-08,900.0,1800.0,3600.0,Half1,0.0,1.0,0.0,1.0,,0,15:00,BUF 35,0.0,70.0,"2-T.Bass kicks 65 yards from BUF 35 to end zone, Touchback to the ARI 30. Kick through end zone.",kickoff,0.0,0.0,0.0,0.0,0.0,0.0,0.0,,,,,,,,65.0,,,3.0,3.0,0.0,,,,,3.0,3.0,0.0,0.0,0.0,0.0,0.0,0.0,0.0,0.0,0.004567968,0.14358531,0.0023245513,0.27598566,0.21522638,0.003264584,0.35504553,0.0,0.0,0.77022237,0.25781915,-0.25781915,0.25781915,0.0,0.0,0.0,0.0,,,0.0,0.0,0.0,0.0,0.0,0.0,0.0,0.0,0.0,0.0,0.43320796,0.566792,0.566792,0.43320796,0.00033828616,0.0030760467,-0.0030760467,0.56645375,0.43354625,0.25038627,0.74961376,0.0,0.0,0.0,0.0,,,0.0,0.0,0.0,0.0,0.0,0.0,0.0,0.0,0.0,0.0,0.0,0.0,0.0,0.0,0.0,0.0,0.0,0.0,0.0,1.0,0.0,0.0,0.0,0.0,0.0,0.0,0.0,0.0,0.0,0.0,0.0,0.0,0.0,0.0,0.0,0.0,0.0,0.0,0.0,0.0,0.0,0.0,0.0,0.0,0.0,0.0,0.0,0.0,0.0,0.0,0.0,0.0,1.0,0.0,0.0,0.0,0.0,0.0,0.0,0.0,0.0,,,,,,,,,,,,,,,,,,,,,,,,,,,,,,,,T.Bass,00-0036162,,,,,,,,,,,,,,,,,,,,,,,,,,,,,,,,,,,,,0.0,,,,,,,,,,,,,,,,,,,,,,,,,,,,,,,ARI,0.0,,,,,0.0,,,0.0,0.0,0.0,0.0,,,2024,,,1.0,1.0,First down,40.0,"9/8/24, 13:03:02",2024-09-08T17:03:02.957Z,Highmark Stadium,"Clouds and sun with wind Temp: 61° F, Humidity: 55%, Wind: W 20 mph",7d40236a-1312-11ef-afd1-646009f18b2e,0,0.0,KICK_OFF,1.0,,2024-09-08T17:03:06.833Z,,1.0,Touchdown,2024-09-08T17:03:02.957Z,13.0,7:13,5.0,1.0,1.0,1.0,1.0,10.0,KICKOFF,TOUCHDOWN,15:00,07:47,ARI 30,BUF 5,40.0,407.0,28,34,Home,6,62,6.5,46.0,0,outdoors,a_turf,61.0,20.0,Sean McDermott,Jonathan Gannon,BUF00,New Era Field,0.0,1.0,,,,,,,0.0,0.0,0.0,1.0,0.0,,,,,,,,,,,0.0,0.0,0.25781915,,,,,,,
61.0,2024_01_ARI_BUF,2024090801,BUF,ARI,REG,1,ARI,away,BUF,ARI,70.0,2024-09-08,900.0,1800.0,3600.0,Half1,0.0,1.0,0.0,1.0,1.0,0,15:00,ARI 30,10.0,70.0,"(15:00) 6-J.Conner up the middle to ARI 33 for 3 yards (43-T.Bernard, 7-Ta.Johnson).",run,3.0,0.0,0.0,0.0,0.0,0.0,0.0,,,,,middle,,,,,,3.0,3.0,0.0,,,,,3.0,3.0,0.0,0.0,0.0,0.0,0.0,0.0,0.0,0.0,0.004584554,0.1406487,0.0031589016,0.2606598,0.20989275,0.0032282572,0.37782705,0.0,0.0,1.0280415,-0.20060216,-0.057217,0.057217,0.20060216,-0.20060216,0.0,0.0,,,0.0,0.0,0.0,0.0,0.0,0.0,0.0,0.0,0.0,0.0,0.43354625,0.56645375,0.56645375,0.43354625,-0.007270366,-0.0035987347,0.0035987347,0.57372415,0.42627588,0.2534623,0.7465377,0.007270366,-0.007270366,0.0,0.0,,,0.0,0.0,0.0,0.0,0.0,0.0,0.0,0.0,0.0,0.0,0.0,0.0,0.0,0.0,0.0,0.0,0.0,0.0,0.0,0.0,0.0,0.0,0.0,0.0,0.0,0.0,0.0,0.0,0.0,0.0,0.0,0.0,0.0,0.0,0.0,0.0,0.0,0.0,0.0,0.0,0.0,0.0,1.0,0.0,0.0,0.0,0.0,0.0,0.0,0.0,0.0,0.0,0.0,0.0,0.0,0.0,1.0,0.0,0.0,0.0,0.0,,,,,,,00-0033553,J.Conner,3.0,,,,,,,,,,,,,,,,,,,,,,,,,,,,,,,,,,,,,,,,,,,,,,,,,00-0034376,Ta.Johnson,BUF,,,,,,,,,,1.0,00-0037254,T.Bernard,BUF,,,,,,,,,,,,,,,,,,,,,,,,,,,,,0.0,,,,,0.0,,,0.0,0.0,0.0,0.0,,,2024,,,1.0,1.0,First down,61.0,"9/8/24, 13:03:02",2024-09-08T17:03:40.463Z,Highmark Stadium,"Clouds and sun with wind Temp: 61° F, Humidity: 55%, Wind: W 20 mph",7d40236a-1312-11ef-afd1-646009f18b2e,0,0.0,RUSH,0.0,,2024-09-08T17:03:43.660Z,,1.0,Touchdown,2024-09-08T17:03:02.957Z,13.0,7:13,5.0,1.0,1.0,1.0,1.0,10.0,KICKOFF,TOUCHDOWN,15:00,07:47,ARI 30,BUF 5,40.0,407.0,28,34,Home,6,62,6.5,46.0,0,outdoors,a_turf,61.0,20.0,Sean McDermott,Jonathan Gannon,BUF00,New Era Field,0.0,0.0,,,J.Conner,6.0,,,0.0,1.0,0.0,0.0,1.0,,00-0033553,,J.Conner,6.0,00-0033553,J.Conner,00-0033553,J.Conner,00-0033553,0.0,0.0,-0.20060216,,,,,,0.45676103,-45.6761
83.0,2024_01_ARI_BUF,2024090801,BUF,ARI,REG,1,ARI,away,BUF,ARI,67.0,2024-09-08,867.0,1767.0,3567.0,Half1,0.0,1.0,0.0,1.0,2.0,0,14:27,ARI 33,7.0,70.0,"(14:27) 1-K.Murray pass short left to 6-J.Conner to BUF 45 for 22 yards (3-D.Hamlin, 31-R.Douglas).",pass,22.0,0.0,0.0,1.0,0.0,0.0,0.0,short,left,-3.0,25.0,,,,,,,3.0,3.0,0.0,,,,,3.0,3.0,0.0,0.0,0.0,0.0,0.0,0.0,0.0,0.0,0.0048167487,0.14257082,0.0024053238,0.27063203,0.22068831,0.003977067,0.35490966,0.0,0.0,0.82743937,2.028874,-2.0860908,2.0860908,0.20060216,-0.20060216,-2.028874,2.028874,-1.0838517,3.1127257,-1.0838517,3.1127257,1.0838517,-1.0838517,-3.1127257,3.1127257,1.0838517,-1.0838517,-3.1127257,3.1127257,0.42627588,0.57372415,0.57372415,0.42627588,0.053842008,0.051482394,-0.051482394,0.5198821,0.4801179,0.24986358,0.75013644,0.007270366,-0.007270366,-0.053842008,0.053842008,0.0,0.053842008,0.0,0.053842008,0.0,0.0,-0.053842008,0.053842008,0.0,0.0,-0.053842008,0.053842008,0.0,0.0,1.0,0.0,0.0,0.0,0.0,0.0,0.0,0.0,0.0,0.0,0.0,0.0,0.0,0.0,0.0,0.0,0.0,0.0,0.0,0.0,0.0,0.0,0.0,0.0,0.0,0.0,0.0,0.0,0.0,0.0,0.0,1.0,0.0,0.0,0.0,0.0,0.0,0.0,0.0,0.0,0.0,0.0,0.0,1.0,1.0,0.0,0.0,0.0,0.0,00-0035228,K.Murray,22.0,00-0033553,J.Conner,22.0,,,,,,,,,,,,,,,,,,,,,,,,,,,,,,,,,,,,,,,,,,,,,,,,,,,,00-0033551,R.Douglas,BUF,,,,,,,,,,1.0,00-0036888,D.Hamlin,BUF,,,,,,,,,,,,,,,,,,,,,,,,,,,,,0.0,,,,,0.0,,,0.0,0.0,0.0,0.0,,,2024,0.868591,13.140899,1.0,1.0,First down,83.0,"9/8/24, 13:03:02",2024-09-08T17:04:12.743Z,Highmark Stadium,"Clouds and sun with wind Temp: 61° F, Humidity: 55%, Wind: W 20 mph",7d40236a-1312-11ef-afd1-646009f18b2e,0,0.0,PASS,0.0,,2024-09-08T17:04:20.843Z,,1.0,Touchdown,2024-09-08T17:03:02.957Z,13.0,7:13,5.0,1.0,1.0,1.0,1.0,10.0,KICKOFF,TOUCHDOWN,15:00,07:47,ARI 30,BUF 5,40.0,407.0,28,34,Home,6,62,6.5,46.0,0,outdoors,a_turf,61.0,20.0,Sean McDermott,Jonathan Gannon,BUF00,New Era Field,0.0,1.0,K.Murray,1.0,,,J.Conner,6.0,1.0,0.0,1.0,0.0,1.0,00-0035228,,00-0033553,K.Murray,1.0,00-0035228,J.Conner,00-0033553,J.Conner,00-0033553,0.0,0.0,2.028874,1.3454181,9.321221,8.0,0.5097779,0.3638071,0.5766557,42.33443
108.0,2024_01_ARI_BUF,2024090801,BUF,ARI,REG,1,ARI,away,BUF,BUF,45.0,2024-09-08,823.0,1723.0,3523.0,Half1,0.0,1.0,0.0,1.0,1.0,0,13:43,BUF 45,10.0,70.0,(13:43) (Shotgun) 1-K.Murray pass short middle to 6-J.Conner to BUF 36 for 9 yards (9-T.Rapp; 42-Do.Williams).,pass,9.0,1.0,0.0,1.0,0.0,0.0,0.0,short,middle,2.0,7.0,,,,,,,3.0,3.0,0.0,,,,,3.0,3.0,0.0,0.0,0.0,0.0,0.0,0.0,0.0,0.0,0.004926872,0.080094166,0.0011283248,0.14422831,0.31457195,0.0041236365,0.45092678,0.0,0.0,2.8563132,0.7542423,-2.8403332,2.8403332,0.20060216,-0.20060216,-2.783116,2.783116,-0.56736696,1.3216093,-0.56736696,1.3216093,1.6512187,-1.6512187,-4.4343348,4.4343348,1.6512187,-1.6512187,-4.4343348,4.4343348,0.4801179,0.5198821,0.5198821,0.4801179,0.05449477,0.01854226,-0.01854226,0.46538734,0.53461266,0.30134597,0.69865406,0.007270366,-0.007270366,-0.10833678,0.10833678,0.0,0.05449477,0.0,0.05449477,0.0,0.0,-0.10833678,0.10833678,0.0,0.0,-0.10833678,0.10833678,0.0,0.0,0.0,0.0,0.0,0.0,0.0,0.0,0.0,0.0,0.0,0.0,0.0,0.0,0.0,0.0,0.0,0.0,0.0,0.0,0.0,0.0,0.0,0.0,0.0,0.0,0.0,0.0,0.0,0.0,0.0,0.0,0.0,1.0,0.0,0.0,0.0,0.0,0.0,0.0,0.0,0.0,0.0,0.0,0.0,1.0,1.0,0.0,0.0,0.0,0.0,00-0035228,K.Murray,9.0,00-0033553,J.Conner,9.0,,,,,,,,,,,,,,,,,,,,,,,,,,,,,,,,,,,,,,,,,,,,,,,,,,,,00-0035663,T.Rapp,BUF,00-0038557,Do.Williams,BUF,,,,,,,0.0,,,,,,,,,,,,,,,,,,,,,,,,,,,,,,,,0.0,,,,,0.0,,,0.0,0.0,0.0,0.0,,,2024,0.8077732,19.222683,2.0,1.0,First down,108.0,"9/8/24, 13:03:02",2024-09-08T17:04:57.067Z,Highmark Stadium,"Clouds and sun with wind Temp: 61° F, Humidity: 55%, Wind: W 20 mph",7d40236a-1312-11ef-afd1-646009f18b2e,0,0.0,PASS,0.0,,2024-09-08T17:05:03.770Z,,1.0,Touchdown,2024-09-08T17:03:02.957Z,13.0,7:13,5.0,1.0,1.0,1.0,1.0,10.0,KICKOFF,TOUCHDOWN,15:00,07:47,ARI 30,BUF 5,40.0,407.0,28,34,Home,6,62,6.5,46.0,0,outdoors,a_turf,61.0,20.0,Sean McDermott,Jonathan Gannon,BUF00,New Era Field,0.0,1.0,K.Murray,1.0,,,J.Conner,6.0,1.0,0.0,0.0,0.0,1.0,00-0035228,,00-0033553,K.Murray,1.0,00-0035228,J.Conner,00-0033553,J.Conner,00-0033553,0.0,0.0,0.7542423,0.88279825,5.78356,4.0,0.66847813,0.25513983,0.4264431,57.35569
133.0,2024_01_ARI_BUF,2024090801,BUF,ARI,REG,1,ARI,away,BUF,BUF,36.0,2024-09-08,782.0,1682.0,3482.0,Half1,0.0,1.0,0.0,1.0,2.0,0,13:02,BUF 36,1.0,70.0,(13:02) 6-J.Conner up the middle to BUF 34 for 2 yards (43-T.Bernard).,run,2.0,0.0,0.0,0.0,0.0,0.0,0.0,,,,,middle,,,,,,3.0,3.0,0.0,,,,,3.0,3.0,0.0,0.0,0.0,0.0,0.0,0.0,0.0,0.0,0.0037813457,0.059722267,0.00086886267,0.09766263,0.34472623,0.002350121,0.4908885,0.0,0.0,3.6105556,-0.02960193,-2.8107312,2.8107312,0.23020409,-0.23020409,-2.783116,2.783116,,,0.0,0.0,1.6512187,-1.6512187,-4.4343348,4.4343348,1.6512187,-1.6512187,-4.4343348,4.4343348,0.53461266,0.46538734,0.46538734,0.53461266,-0.0042008758,0.007886559,-0.007886559,0.46958822,0.5304118,0.31988823,0.68011177,0.011471242,-0.011471242,-0.10833678,0.10833678,,,0.0,0.0,0.0,0.0,-0.10833678,0.10833678,0.0,0.0,-0.10833678,0.10833678,0.0,1.0,0.0,0.0,0.0,0.0,0.0,0.0,0.0,0.0,0.0,0.0,0.0,0.0,0.0,0.0,0.0,0.0,0.0,0.0,0.0,0.0,0.0,0.0,1.0,0.0,0.0,0.0,0.0,0.0,0.0,0.0,1.0,0.0,0.0,0.0,0.0,0.0,0.0,0.0,0.0,0.0,0.0,0.0,0.0,0.0,0.0,0.0,0.0,0.0,0.0,,,,,,,00-0033553,J.Conner,2.0,,,,,,,,,,,,,,,,,,,,,,,,,,,,,,,,,,,,,,,,,,,BUF,,00-0037254,,T.Bernard,,,,,,,,,,,,,,0.0,,,,,,,,,,,,,,,,,,,,,,,,,,,,,,,,0.0,,,,,0.0,,,0.0,0.0,0.0,0.0,,,2024,,,2.0,1.0,First down,133.0,"9/8/24, 13:03:02",2024-09-08T17:05:37.550Z,Highmark Stadium,"Clouds and sun with wind Temp: 61° F, Humidity: 55%, Wind: W 20 mph",7d40236a-1312-11ef-afd1-646009f18b2e,0,0.0,RUSH,0.0,,2024-09-08T17:05:41.013Z,,1.0,Touchdown,2024-09-08T17:03:02.957Z,13.0,7:13,5.0,1.0,1.0,1.0,1.0,10.0,KICKOFF,TOUCHDOWN,15:00,07:47,ARI 30,BUF 5,40.0,407.0,28,34,Home,6,62,6.5,46.0,0,outdoors,a_turf,61.0,20.0,Sean McDermott,Jonathan Gannon,BUF00,New Era Field,0.0,0.0,,,J.Conner,6.0,,,0.0,1.0,1.0,0.0,1.0,,00-0033553,,J.Conner,6.0,00-0033553,J.Conner,00-0033553,J.Conner,00-0033553,0.0,0.0,-0.02960193,,,,,,0.22536427,-22.536427
155.0,2024_01_ARI_BUF,2024090801,BUF,ARI,REG,1,ARI,away,BUF,BUF,34.0,2024-09-08,746.0,1646.0,3446.0,Half1,0.0,1.0,0.0,1.0,1.0,0,12:26,BUF 34,10.0,70.0,"(12:26) (Shotgun) 6-J.Conner left guard to BUF 32 for 2 yards (98-A.Johnson, 42-Do.Williams).",run,2.0,1.0,0.0,0.0,0.0,0.0,0.0,,,,,left,guard,,,,,3.0,3.0,0.0,,,,,3.0,3.0,0.0,0.0,0.0,0.0,0.0,0.0,0.0,0.0,0.0037539327,0.053686775,0.0008243952,0.09713405,0.3701472,0.0016032213,0.47285044,0.0,0.0,3.5809536,-0.24774884,-2.5629823,2.5629823,0.47795293,-0.47795293,-2.783116,2.783116,,,0.0,0.0,1.6512187,-1.6512187,-4.4343348,4.4343348,1.6512187,-1.6512187,-4.4343348,4.4343348,0.5304118,0.46958822,0.46958822,0.5304118,-0.015525281,-0.016333163,0.016333163,0.4851135,0.5148865,0.3277748,0.67222524,0.026996523,-0.026996523,-0.10833678,0.10833678,,,0.0,0.0,0.0,0.0,-0.10833678,0.10833678,0.0,0.0,-0.10833678,0.10833678,0.0,0.0,0.0,0.0,0.0,0.0,0.0,0.0,0.0,0.0,0.0,0.0,0.0,0.0,0.0,0.0,0.0,0.0,0.0,0.0,0.0,0.0,0.0,0.0,0.0,0.0,0.0,0.0,0.0,0.0,0.0,0.0,1.0,0.0,0.0,0.0,0.0,0.0,0.0,0.0,0.0,0.0,0.0,0.0,0.0,0.0,1.0,0.0,0.0,0.0,0.0,,,,,,,00-0033553,J.Conner,2.0,,,,,,,,,,,,,,,,,,,,,,,,,,,,,,,,,,,,,,,,,,,,,,,,,00-0038557,Do.Williams,BUF,,,,,,,,,,1.0,00-0032763,A.Johnson,BUF,,,,,,,,,,,,,,,,,,,,,,,,,,,,,0.0,,,,,0.0,,,0.0,0.0,0.0,0.0,,,2024,,,3.0,1.0,First down,155.0,"9/8/24, 13:03:02",2024-09-08T17:06:13.647Z,Highmark Stadium,"Clouds and sun with wind Temp: 61° F, Humidity: 55%, Wind: W 20 mph",7d40236a-1312-11ef-afd1-646009f18b2e,0,0.0,RUSH,0.0,,2024-09-08T17:06:18.297Z,,1.0,Touchdown,2024-09-08T17:03:02.957Z,13.0,7:13,5.0,1.0,1.0,1.0,1.0,10.0,KICKOFF,TOUCHDOWN,15:00,07:47,ARI 30,BUF 5,40.0,407.0,28,34,Home,6,62,6.5,46.0,0,outdoors,a_turf,61.0,20.0,Sean McDermott,Jonathan Gannon,BUF00,New Era Field,0.0,0.0,,,J.Conner,6.0,,,0.0,1.0,0.0,0.0,1.0,,00-0033553,,J.Conner,6.0,00-0033553,J.Conner,00-0033553,J.Conner,00-0033553,0.0,0.0,-0.24774884,,,,,,0.42409936,-42.409935
177.0,2024_01_ARI_BUF,2024090801,BUF,ARI,REG,1,ARI,away,BUF,BUF,32.0,2024-09-08,711.0,1611.0,3411.0,Half1,0.0,1.0,0.0,1.0,2.0,0,11:51,BUF 32,8.0,70.0,(11:51) 6-J.Conner left end to BUF 30 for 2 yards (43-T.Bernard).,run,2.0,0.0,0.0,0.0,0.0,0.0,0.0,,,,,left,end,,,,,3.0,3.0,0.0,,,,,3.0,3.0,0.0,0.0,0.0,0.0,0.0,0.0,0.0,0.0,0.0036368645,0.061467167,0.00068783254,0.0960292,0.4166034,0.0019305629,0.419645,0.0,0.0,3.3332047,-0.5301385,-2.0328438,2.0328438,1.0080914,-1.0080914,-2.783116,2.783116,,,0.0,0.0,1.6512187,-1.6512187,-4.4343348,4.4343348,1.6512187,-1.6512187,-4.4343348,4.4343348,0.5148865,0.4851135,0.4851135,0.5148865,-0.019850552,0.0046461523,-0.0046461523,0.50496405,0.49503595,0.31144163,0.68855834,0.046847075,-0.046847075,-0.10833678,0.10833678,,,0.0,0.0,0.0,0.0,-0.10833678,0.10833678,0.0,0.0,-0.10833678,0.10833678,0.0,0.0,0.0,0.0,0.0,0.0,0.0,0.0,0.0,0.0,0.0,0.0,0.0,0.0,0.0,0.0,0.0,0.0,0.0,0.0,0.0,0.0,0.0,0.0,1.0,0.0,0.0,0.0,0.0,0.0,0.0,0.0,1.0,0.0,0.0,0.0,0.0,0.0,0.0,0.0,0.0,0.0,0.0,0.0,0.0,0.0,0.0,0.0,0.0,0.0,0.0,,,,,,,00-0033553,J.Conner,2.0,,,,,,,,,,,,,,,,,,,,,,,,,,,,,,,,,,,,,,,,,,,BUF,,00-0037254,,T.Bernard,,,,,,,,,,,,,,0.0,,,,,,,,,,,,,,,,,,,,,,,,,,,,,,,,0.0,,,,,0.0,,,0.0,0.0,0.0,0.0,,,2024,,,3.0,1.0,First down,177.0,"9/8/24, 13:03:02",2024-09-08T17:06:48.513Z,Highmark Stadium,"Clouds and sun with wind Temp: 61° F, Humidity: 55%, Wind: W 20 mph",7d40236a-1312-11ef-afd1-646009f18b2e,0,0.0,RUSH,0.0,,2024-09-08T17:06:52.880Z,,1.0,Touchdown,2024-09-08T17:03:02.957Z,13.0,7:13,5.0,1.0,1.0,1.0,1.0,10.0,KICKOFF,TOUCHDOWN,15:00,07:47,ARI 30,BUF 5,40.0,407.0,28,34,Home,6,62,6.5,46.0,0,outdoors,a_turf,61.0,20.0,Sean McDermott,Jonathan Gannon,BUF00,New Era Field,0.0,0.0,,,J.Conner,6.0,,,0.0,1.0,0.0,0.0,1.0,,00-0033553,,J.Conner,6.0,00-0033553,J.Conner,00-0033553,J.Conner,00-0033553,0.0,0.0,-0.5301385,,,,,,0.67532253,-67.53226
199.0,2024_01_ARI_BUF,2024090801,BUF,ARI,REG,1,ARI,away,BUF,BUF,30.0,2024-09-08,668.0,1568.0,3368.0,Half1,0.0,1.0,0.0,1.0,3.0,0,11:08,BUF 30,6.0,70.0,"(11:08) (Shotgun) 1-K.Murray pass short middle to 4-G.Dortch to BUF 22 for 8 yards (43-T.Bernard, 9-T.Rapp). BUF-7-Ta.Johnson was injured during the play. T.Johnson walks off.",pass,8.0,1.0,0.0,1.0,0.0,0.0,0.0,short,middle,6.0,2.0,,,,,,,3.0,3.0,0.0,,,,,3.0,3.0,0.0,0.0,0.0,0.0,0.0,0.0,0.0,0.0,0.0047358824,0.06671195,0.00063340267,0.11072743,0.48399678,0.0009581833,0.33223632,0.0,0.0,2.8030663,1.6808002,-3.7136443,3.7136443,1.0080914,-1.0080914,-4.4639163,4.4639163,1.5502751,0.13052519,1.5502751,0.13052519,0.10094362,-0.10094362,-4.56486,4.56486,0.10094362,-0.10094362,-4.56486,4.56486,0.49503595,0.50496405,0.50496405,0.49503595,0.065692544,0.037077993,-0.037077993,0.4392715,0.5607285,0.31608778,0.6839122,0.046847075,-0.046847075,-0.17402932,0.17402932,0.0,0.065692544,0.0,0.065692544,0.0,0.0,-0.17402932,0.17402932,0.0,0.0,-0.17402932,0.17402932,0.0,0.0,1.0,0.0,1.0,0.0,0.0,0.0,0.0,0.0,0.0,0.0,0.0,0.0,0.0,0.0,0.0,0.0,0.0,0.0,0.0,0.0,0.0,0.0,0.0,0.0,0.0,0.0,0.0,0.0,0.0,0.0,0.0,1.0,0.0,0.0,0.0,0.0,0.0,0.0,0.0,0.0,0.0,0.0,0.0,1.0,1.0,0.0,0.0,0.0,0.0,00-0035228,K.Murray,8.0,00-0035500,G.Dortch,8.0,,,,,,,,,,,,,,,,,,,,,,,,,,,,,,,,,,,,,,,,,,,,,,,,,,,,00-0035663,T.Rapp,BUF,,,,,,,,,,1.0,00-0037254,T.Bernard,BUF,,,,,,,,,,,,,,,,,,,,,,,,,,,,,0.0,,,,,0.0,,,0.0,0.0,0.0,0.0,,,2024,0.6883535,31.164652,3.0,1.0,First down,199.0,"9/8/24, 13:03:02",2024-09-08T17:07:31.103Z,Highmark Stadium,"Clouds and sun with wind Temp: 61° F, Humidity: 55%, Wind: W 20 mph",7d40236a-1312-11ef-afd1-646009f18b2e,0,0.0,PASS,0.0,,2024-09-08T17:07:35.587Z,,1.0,Touchdown,2024-09-08T17:03:02.957Z,13.0,7:13,5.0,1.0,1.0,1.0,1.0,10.0,KICKOFF,TOUCHDOWN,15:00,07:47,ARI 30,BUF 5,40.0,407.0,28,34,Home,6,62,6.5,46.0,0,outdoors,a_turf,61.0,20.0,Sean McDermott,Jonathan Gannon,BUF00,New Era Field,0.0,1.0,K.Murray,1.0,,,G.Dortch,4.0,1.0,0.0,1.0,0.0,1.0,00-0035228,,00-0035500,K.Murray,1.0,00-0035228,G.Dortch,00-0035500,G.Dortch,00-0035500,0.0,0.0,1.6808002,0.24949162,4.4490247,3.0,0.98366904,0.98366904,0.96479267,3.520733
224.0,2024_01_ARI_BUF,2024090801,BUF,ARI,REG,1,ARI,away,BUF,BUF,22.0,2024-09-08,632.0,1532.0,3332.0,Half1,0.0,1.0,0.0,1.0,1.0,0,10:32,BUF 22,10.0,70.0,"(10:32) (Shotgun) 1-K.Murray pass incomplete short right to 18-M.Harrison. Thrown wide of receiver, along sideline at BUF 10.",pass,0.0,1.0,0.0,1.0,0.0,0.0,0.0,short,right,12.0,,,,,,,,3.0,3.0,0.0,,,,,3.0,3.0,0.0,0.0,0.0,0.0,0.0,0.0,0.0,0.0,0.0029783295,0.029946767,0.00052764773,0.04877057,0.3760742,0.00079677027,0.5409057,0.0,0.0,4.4838667,-0.46762532,-3.246019,3.246019,1.0080914,-1.0080914,-3.9962912,3.9962912,0.5161406,-0.9837659,0.0,0.0,0.10094362,-0.10094362,-4.56486,4.56486,-0.41519696,0.41519696,-3.5810943,3.5810943,0.5607285,0.4392715,0.4392715,0.5607285,-0.0153820515,-0.007515192,0.007515192,0.45465356,0.54534644,0.35316578,0.64683425,0.046847075,-0.046847075,-0.15864727,0.15864727,0.0,-0.0153820515,0.0,0.0,0.0,0.0,-0.17402932,0.17402932,0.0,0.0,-0.15864727,0.15864727,0.0,0.0,0.0,0.0,0.0,0.0,0.0,0.0,1.0,0.0,0.0,0.0,0.0,0.0,0.0,0.0,0.0,0.0,0.0,0.0,0.0,0.0,0.0,0.0,0.0,0.0,0.0,0.0,0.0,0.0,0.0,0.0,0.0,1.0,0.0,0.0,0.0,0.0,0.0,0.0,0.0,0.0,0.0,0.0,0.0,0.0,0.0,0.0,0.0,0.0,0.0,00-0035228,K.Murray,,00-0039849,M.Harrison,,,,,,,,,,,,,,,,,,,,,,,,,,,,,,,,,,,,,,,,,,,,,,,,,,,,,,,,,,,,,,,,,0.0,,,,,,,,,,,,,,,,,,,,,,,,,,,,,,,,0.0,,,,,0.0,,,0.0,0.0,0.0,0.0,,,2024,0.5490808,-54.908077,4.0,1.0,First down,224.0,"9/8/24, 13:03:02",2024-09-08T17:11:34.327Z,Highmark Stadium,"Clouds and sun with wind Temp: 61° F, Humidity: 55%, Wind: W 20 mph",7d40236a-1312-11ef-afd1-646009f18b2e,0,0.0,PASS,0.0,,2024-09-08T17:11:38.450Z,,1.0,Touchdown,2024-09-08T17:03:02.957Z,13.0,7:13,5.0,1.0,1.0,1.0,1.0,10.0,KICKOFF,TOUCHDOWN,15:00,07:47,ARI 30,BUF 5,40.0,407.0,28,34,Home,6,62,6.5,46.0,0,outdoors,a_turf,61.0,20.0,Sean McDermott,Jonathan Gannon,BUF00,New Era Field,0.0,0.0,K.Murray,1.0,,,M.Harrison,18.0,1.0,0.0,0.0,0.0,1.0,00-0035228,,00-0039849,K.Murray,1.0,00-0035228,M.Harrison,00-0039849,M.Harrison,00-0039849,0.0,0.0,-0.46762532,0.40875816,2.4385545,1.0,1.0,0.9981135,0.39249295,60.750706
265.0,2024_01_ARI_BUF,2024090801,BUF,ARI,REG,1,ARI,away,BUF,BUF,22.0,2024-09-08,628.0,1528.0,3328.0,Half1,0.0,1.0,0.0,1.0,2.0,0,10:28,BUF 22,10.0,70.0,(10:28) (Shotgun) 6-J.Conner left tackle to BUF 25 for -3 yards (50-G.Rousseau).,run,-3.0,1.0,0.0,0.0,0.0,0.0,0.0,,,,,left,tackle,,,,,3.0,3.0,0.0,,,,,3.0,3.0,0.0,0.0,0.0,0.0,0.0,0.0,0.0,0.0,0.0032227675,0.0331294,0.0005665108,0.056067966,0.45888954,0.0008593731,0.4472644,0.0,0.0,4.016241,-1.281089,-1.9649299,1.9649299,2.2891803,-2.2891803,-3.9962912,3.9962912,,,0.0,0.0,0.10094362,-0.10094362,-4.56486,4.56486,-0.41519696,0.41519696,-3.5810943,3.5810943,0.54534644,0.45465356,0.45465356,0.54534644,-0.046374172,-0.028613955,0.028613955,0.5010277,0.49897227,0.34565058,0.65434945,0.09322125,-0.09322125,-0.15864727,0.15864727,,,0.0,0.0,0.0,0.0,-0.17402932,0.17402932,0.0,0.0,-0.15864727,0.15864727,0.0,0.0,0.0,0.0,0.0,0.0,0.0,0.0,0.0,0.0,0.0,0.0,0.0,0.0,0.0,0.0,0.0,0.0,0.0,0.0,0.0,0.0,0.0,0.0,1.0,0.0,0.0,1.0,0.0,0.0,0.0,0.0,1.0,0.0,0.0,0.0,0.0,0.0,0.0,0.0,0.0,0.0,0.0,0.0,0.0,0.0,0.0,0.0,0.0,0.0,0.0,,,,,,,00-0033553,J.Conner,-3.0,,,,,,,,,,,,,,,,,,,,,,,,,,,,,00-0036914,G.Rousseau,,,,,,,,,,,,,BUF,,00-0036914,,G.Rousseau,,,,,,,,,,,,,,0.0,,,,,,,,,,,,,,,,,,,,,,,,,,,,,,,,0.0,,,,,0.0,,,0.0,0.0,0.0,0.0,,,2024,,,4.0,1.0,First down,265.0,"9/8/24, 13:03:02",2024-09-08T17:12:09.223Z,Highmark Stadium,"Clouds and sun with wind Temp: 61° F, Humidity: 55%, Wind: W 20 mph",7d40236a-1312-11ef-afd1-646009f18b2e,0,0.0,RUSH,0.0,,2024-09-08T17:12:12.797Z,,1.0,Touchdown,2024-09-08T17:03:02.957Z,13.0,7:13,5.0,1.0,1.0,1.0,1.0,10.0,KICKOFF,TOUCHDOWN,15:00,07:47,ARI 30,BUF 5,40.0,407.0,28,34,Home,6,62,6.5,46.0,0,outdoors,a_turf,61.0,20.0,Sean McDermott,Jonathan Gannon,BUF00,New Era Field,0.0,0.0,,,J.Conner,6.0,,,0.0,1.0,0.0,0.0,1.0,,00-0033553,,J.Conner,6.0,00-0033553,J.Conner,00-0033553,J.Conner,00-0033553,0.0,0.0,-1.281089,,,,,,0.5149236,-51.492355
287.0,2024_01_ARI_BUF,2024090801,BUF,ARI,REG,1,ARI,away,BUF,BUF,25.0,2024-09-08,588.0,1488.0,3288.0,Half1,0.0,1.0,0.0,1.0,3.0,0,09:48,BUF 25,13.0,70.0,"(9:48) (Shotgun) 1-K.Murray scrambles right end to BUF 19 for 6 yards (46-J.Ingram). PENALTY on BUF-46-J.Ingram, Unnecessary Roughness, 10 yards, enforced at BUF 19.",run,6.0,1.0,0.0,1.0,0.0,0.0,1.0,,,,,right,end,,,,,3.0,3.0,0.0,,,,,3.0,3.0,0.0,0.0,0.0,0.0,0.0,0.0,0.0,0.0,0.0037739766,0.04605309,0.0007503184,0.082188874,0.6540391,0.0008691184,0.21232554,0.0,0.0,2.7351522,2.3770854,-4.3420153,4.3420153,-0.087905094,0.087905094,-3.9962912,3.9962912,,,0.0,0.0,0.10094362,-0.10094362,-4.56486,4.56486,-0.41519696,0.41519696,-3.5810943,3.5810943,0.49897227,0.5010277,0.5010277,0.49897227,0.0882757,0.07238069,-0.07238069,0.41275203,0.58724797,0.31703663,0.6829634,0.0049455464,-0.0049455464,-0.15864727,0.15864727,,,0.0,0.0,0.0,0.0,-0.17402932,0.17402932,0.0,0.0,-0.15864727,0.15864727,0.0,0.0,0.0,1.0,0.0,1.0,0.0,0.0,0.0,0.0,0.0,0.0,0.0,0.0,0.0,0.0,0.0,0.0,0.0,0.0,0.0,0.0,0.0,0.0,1.0,0.0,1.0,0.0,0.0,0.0,0.0,0.0,1.0,0.0,0.0,0.0,0.0,0.0,0.0,0.0,0.0,0.0,0.0,0.0,0.0,0.0,0.0,0.0,0.0,0.0,0.0,,,,,,,00-0035228,K.Murray,6.0,,,,,,,,,,,,,,,,,,,,,,,,,,,,,,,,,,,,,,,,,,,BUF,,00-0037661,,J.Ingram,,,,,,,,,,,,,,0.0,,,,,,,,,,,,,,,,,,,,,,,,,,,,,,,,0.0,BUF,00-0037661,J.Ingram,10.0,0.0,,Unnecessary Roughness,0.0,0.0,0.0,0.0,,,2024,,,4.0,1.0,First down,287.0,"9/8/24, 13:03:02",2024-09-08T17:12:49.120Z,Highmark Stadium,"Clouds and sun with wind Temp: 61° F, Humidity: 55%, Wind: W 20 mph",7d40236a-1312-11ef-afd1-646009f18b2e,0,0.0,RUSH,0.0,,2024-09-08T17:12:55.840Z,,1.0,Touchdown,2024-09-08T17:03:02.957Z,13.0,7:13,5.0,1.0,1.0,1.0,1.0,10.0,KICKOFF,TOUCHDOWN,15:00,07:47,ARI 30,BUF 5,40.0,407.0,28,34,Home,6,62,6.5,46.0,0,outdoors,a_turf,61.0,20.0,Sean McDermott,Jonathan Gannon,BUF00,New Era Field,0.0,1.0,K.Murray,1.0,,1.0,,,1.0,0.0,1.0,0.0,1.0,00-0035228,,,K.Murray,1.0,00-0035228,K.Murray,00-0035228,K.Murray,00-0035228,0.0,0.0,2.3770854,,,,,,0.94816506,5.183494
320.0,2024_01_ARI_BUF,2024090801,BUF,ARI,REG,1,ARI,away,BUF,BUF,9.0,2024-09-08,555.0,1455.0,3255.0,Half1,0.0,1.0,0.0,1.0,1.0,1,09:15,BUF 9,9.0,70.0,(9:15) (Shotgun) 6-J.Conner left end pushed ob at BUF 5 for 4 yards (43-T.Bernard).,run,4.0,1.0,0.0,0.0,0.0,0.0,0.0,,,,,left,end,,,,,3.0,3.0,0.0,,,,,3.0,3.0,0.0,0.0,0.0,0.0,0.0,0.0,0.0,0.0,0.0020110381,0.0149849765,0.00039892958,0.027909499,0.33136642,0.00080919685,0.6225199,0.0,0.0,5.112238,0.1685049,-4.5105205,4.5105205,-0.25641,0.25641,-3.9962912,3.9962912,,,0.0,0.0,0.10094362,-0.10094362,-4.56486,4.56486,-0.41519696,0.41519696,-3.5810943,3.5810943,0.58724797,0.41275203,0.41275203,0.58724797,-0.0058060884,0.015071958,-0.015071958,0.41855812,0.5814419,0.38941732,0.6105827,0.010751635,-0.010751635,-0.15864727,0.15864727,,,0.0,0.0,0.0,0.0,-0.17402932,0.17402932,0.0,0.0,-0.15864727,0.15864727,0.0,0.0,0.0,0.0,0.0,0.0,0.0,0.0,0.0,0.0,0.0,0.0,0.0,0.0,0.0,0.0,0.0,0.0,0.0,0.0,0.0,0.0,0.0,0.0,1.0,0.0,0.0,0.0,0.0,0.0,0.0,0.0,1.0,0.0,0.0,0.0,0.0,0.0,0.0,0.0,0.0,0.0,0.0,0.0,0.0,0.0,0.0,0.0,0.0,0.0,0.0,,,,,,,00-0033553,J.Conner,4.0,,,,,,,,,,,,,,,,,,,,,,,,,,,,,,,,,,,,,,,,,,,BUF,,00-0037254,,T.Bernard,,,,,,,,,,,,,,0.0,,,,,,,,,,,,,,,,,,,,,,,,,,,,,,,,0.0,,,,,0.0,,,0.0,0.0,0.0,0.0,,,2024,,,5.0,1.0,Touchdown,320.0,"9/8/24, 13:03:02",2024-09-08T17:14:17.787Z,Highmark Stadium,"Clouds and sun with wind Temp: 61° F, Humidity: 55%, Wind: W 20 mph",7d40236a-1312-11ef-afd1-646009f18b2e,0,0.0,RUSH,0.0,,2024-09-08T17:14:23.910Z,,1.0,Touchdown,2024-09-08T17:03:02.957Z,13.0,7:13,5.0,1.0,1.0,1.0,1.0,10.0,KICKOFF,TOUCHDOWN,15:00,07:47,ARI 30,BUF 5,40.0,407.0,28,34,Home,6,62,6.5,46.0,0,outdoors,a_turf,61.0,20.0,Sean McDermott,Jonathan Gannon,BUF00,New Era Field,0.0,1.0,,,J.Conner,6.0,,,0.0,1.0,0.0,0.0,1.0,,00-0033553,,J.Conner,6.0,00-0033553,J.Conner,00-0033553,J.Conner,00-0033553,1.0,0.0,0.1685049,,,,,,0.33211613,-33.211613
347.0,2024_01_ARI_BUF,2024090801,BUF,ARI,REG,1,ARI,away,BUF,BUF,5.0,2024-09-08,514.0,1414.0,3214.0,Half1,0.0,1.0,0.0,1.0,2.0,1,08:34,BUF 5,5.0,70.0,(8:34) (Shotgun) 1-K.Murray sacked ob at BUF 5 for 0 yards (50-G.Rousseau).,pass,0.0,1.0,0.0,1.0,0.0,0.0,0.0,,,,,,,,,,,3.0,3.0,0.0,,,,,3.0,3.0,0.0,0.0,0.0,0.0,0.0,0.0,0.0,0.0,0.0020577384,0.01417488,0.000367623,0.024994614,0.30137482,0.0008743757,0.65615594,0.0,0.0,5.2807426,-0.9854476,-3.5250726,3.5250726,-0.25641,0.25641,-3.0108435,3.0108435,,,0.0,0.0,0.10094362,-0.10094362,-4.56486,4.56486,-0.41519696,0.41519696,-3.5810943,3.5810943,0.5814419,0.41855812,0.41855812,0.5814419,-0.0148739815,-0.0125050545,0.0125050545,0.4334321,0.5665679,0.40448928,0.5955107,0.010751635,-0.010751635,-0.14377329,0.14377329,,,0.0,0.0,0.0,0.0,-0.17402932,0.17402932,0.0,0.0,-0.15864727,0.15864727,0.0,0.0,0.0,0.0,0.0,0.0,0.0,0.0,0.0,0.0,0.0,0.0,0.0,0.0,0.0,0.0,0.0,0.0,0.0,0.0,0.0,0.0,0.0,0.0,1.0,0.0,0.0,0.0,0.0,0.0,0.0,0.0,0.0,1.0,1.0,0.0,0.0,0.0,0.0,0.0,0.0,0.0,0.0,0.0,0.0,0.0,0.0,0.0,0.0,0.0,0.0,00-0035228,K.Murray,,,,,,,,,,,,,,,,,,,,,,,,,,,,,,,,,,,,,,,,,,,,,,,,,,BUF,,00-0036914,,G.Rousseau,,,,,,,,,,,,,,0.0,,,,,,,,,,,,,,,,,,,,,,,,,00-0036914,G.Rousseau,,,,,,0.0,,,,,0.0,,,0.0,0.0,0.0,0.0,,,2024,,,5.0,1.0,Touchdown,347.0,"9/8/24, 13:03:02",2024-09-08T17:15:03.233Z,Highmark Stadium,"Clouds and sun with wind Temp: 61° F, Humidity: 55%, Wind: W 20 mph",7d40236a-1312-11ef-afd1-646009f18b2e,0,0.0,SACK,0.0,,2024-09-08T17:15:10.037Z,,1.0,Touchdown,2024-09-08T17:03:02.957Z,13.0,7:13,5.0,1.0,1.0,1.0,1.0,10.0,KICKOFF,TOUCHDOWN,15:00,07:47,ARI 30,BUF 5,40.0,407.0,28,34,Home,6,62,6.5,46.0,0,outdoors,a_turf,61.0,20.0,Sean McDermott,Jonathan Gannon,BUF00,New Era Field,0.0,0.0,K.Murray,1.0,,,,,1.0,0.0,0.0,0.0,1.0,00-0035228,,,K.Murray,1.0,00-0035228,,,,,1.0,0.0,-0.9854476,,,,,,0.5649373,43.50627
381.0,2024_01_ARI_BUF,2024090801,BUF,ARI,REG,1,ARI,away,BUF,BUF,5.0,2024-09-08,474.0,1374.0,3174.0,Half1,0.0,1.0,1.0,1.0,3.0,1,07:54,BUF 5,5.0,70.0,"(7:54) (Shotgun) 1-K.Murray pass short left to 14-Mi.Wilson for 5 yards, TOUCHDOWN.",pass,5.0,1.0,0.0,1.0,0.0,0.0,0.0,short,left,5.0,0.0,,,,,,,3.0,3.0,0.0,,ARI,Mi.Wilson,00-0038559,3.0,3.0,0.0,6.0,0.0,0.0,0.0,6.0,0.0,6.0,0.00268618,0.017535616,0.00044022815,0.031830423,0.5140157,0.0009789586,0.4325129,0.0,0.0,4.2952952,2.704705,-6.229778,6.229778,-0.25641,0.25641,-5.7155485,5.7155485,2.704705,0.0,2.704705,0.0,-2.6037614,2.6037614,-4.56486,4.56486,-3.119902,3.119902,-3.5810943,3.5810943,0.5665679,0.4334321,0.4334321,0.5665679,0.04647932,0.053931493,-0.053931493,0.3869528,0.61304724,0.39198422,0.6080158,0.010751635,-0.010751635,-0.1902526,0.1902526,0.04647932,0.0,0.04647932,0.0,-0.04647932,0.04647932,-0.17402932,0.17402932,-0.04647932,0.04647932,-0.15864727,0.15864727,0.0,0.0,1.0,0.0,1.0,0.0,0.0,0.0,0.0,0.0,0.0,0.0,0.0,0.0,0.0,0.0,0.0,0.0,0.0,0.0,0.0,0.0,0.0,0.0,0.0,0.0,0.0,0.0,0.0,0.0,0.0,0.0,0.0,1.0,0.0,1.0,1.0,0.0,0.0,0.0,0.0,0.0,0.0,0.0,0.0,1.0,0.0,0.0,0.0,0.0,0.0,00-0035228,K.Murray,5.0,00-0038559,Mi.Wilson,5.0,,,,,,,,,,,,,,,,,,,,,,,,,,,,,,,,,,,,,,,,,,,,,,,,,,,,,,,,,,,,,,,,0.0,,,,,,,,,,,,,,,,,,,,,,,,,,,,,,,,0.0,,,,,0.0,,,0.0,0.0,0.0,0.0,,,2024,0.40338138,59.66186,5.0,1.0,Touchdown,381.0,"9/8/24, 13:03:02",2024-09-08T17:15:46.637Z,Highmark Stadium,"Clouds and sun with wind Temp: 61° F, Humidity: 55%, Wind: W 20 mph",7d40236a-1312-11ef-afd1-646009f18b2e,0,0.0,PASS,0.0,,2024-09-08T17:15:54.067Z,,1.0,Touchdown,2024-09-08T17:03:02.957Z,13.0,7:13,5.0,1.0,1.0,1.0,1.0,10.0,KICKOFF,TOUCHDOWN,15:00,07:47,ARI 30,BUF 5,40.0,407.0,28,34,Home,6,62,6.5,46.0,0,outdoors,a_turf,61.0,20.0,Sean McDermott,Jonathan Gannon,BUF00,New Era Field,0.0,1.0,K.Murray,1.0,,,Mi.Wilson,14.0,1.0,0.0,1.0,0.0,1.0,00-0035228,,00-0038559,K.Murray,1.0,00-0035228,Mi.Wilson,00-0038559,Mi.Wilson,00-0038559,0.0,0.0,2.704705,,,,,,0.955406,4.459399
407.0,2024_01_ARI_BUF,2024090801,BUF,ARI,REG,1,ARI,away,BUF,BUF,15.0,2024-09-08,467.0,1367.0,3167.0,Half1,0.0,1.0,1.0,1.0,,0,07:47,BUF 15,0.0,70.0,"5-M.Prater extra point is GOOD, Center-46-A.Brewer, Holder-12-B.Gillikin.",extra_point,0.0,0.0,0.0,0.0,0.0,0.0,0.0,,,,,,,,33.0,good,,3.0,3.0,0.0,,,,,3.0,3.0,0.0,7.0,6.0,0.0,6.0,7.0,0.0,7.0,0.0,0.0,0.0,0.0,0.0,0.0,0.0,0.932427,0.0,0.932427,0.067573,-6.2973504,6.2973504,-0.25641,0.25641,-5.7155485,5.7155485,,,0.0,0.0,-2.6037614,2.6037614,-4.56486,4.56486,-3.119902,3.119902,-3.5810943,3.5810943,0.61304724,0.3869528,0.3869528,0.61304724,0.0012924334,0.00049100455,-0.00049100455,0.38566035,0.61433965,0.44591573,0.5540843,0.010751635,-0.010751635,-0.1902526,0.1902526,,,0.0,0.0,-0.04647932,0.04647932,-0.17402932,0.17402932,-0.04647932,0.04647932,-0.15864727,0.15864727,0.0,0.0,0.0,0.0,0.0,0.0,0.0,0.0,0.0,0.0,0.0,0.0,0.0,0.0,0.0,0.0,0.0,0.0,0.0,0.0,0.0,0.0,0.0,0.0,0.0,0.0,0.0,0.0,0.0,0.0,0.0,0.0,0.0,0.0,0.0,0.0,0.0,0.0,0.0,1.0,0.0,0.0,0.0,0.0,0.0,0.0,0.0,0.0,0.0,0.0,0.0,,,,,,,,,,,,,,,,,,,,,,,,,,,,,,,,M.Prater,00-0023853,,,,,,,,,,,,,,,,,,,,,,,,,,,,,,,,,,,,,0.0,,,,,,,,,,,,,,,,,,,,,,,,,,,,,,,,0.0,,,,,0.0,,,0.0,0.0,0.0,0.0,,,2024,,,5.0,1.0,Touchdown,407.0,"9/8/24, 13:03:02",2024-09-08T17:16:35Z,Highmark Stadium,"Clouds and sun with wind Temp: 61° F, Humidity: 55%, Wind: W 20 mph",7d40236a-1312-11ef-afd1-646009f18b2e,0,0.0,XP_KICK,1.0,,,,1.0,Touchdown,2024-09-08T17:03:02.957Z,13.0,7:13,5.0,1.0,1.0,1.0,1.0,10.0,KICKOFF,TOUCHDOWN,15:00,07:47,ARI 30,BUF 5,40.0,407.0,28,34,Home,6,62,6.5,46.0,0,outdoors,a_turf,61.0,20.0,Sean McDermott,Jonathan Gannon,BUF00,New Era Field,0.0,1.0,,,,,,,0.0,0.0,0.0,1.0,0.0,,,,,,,,,,,0.0,0.0,0.067573,,,,,,,
422.0,2024_01_ARI_BUF,2024090801,BUF,ARI,REG,1,BUF,home,ARI,ARI,35.0,2024-09-08,467.0,1367.0,3167.0,Half1,0.0,2.0,0.0,1.0,,0,07:47,ARI 35,0.0,16.0,"5-M.Prater kicks 63 yards from ARI 35 to BUF 2. 29-B.Codrington pushed ob at ARI 45 for 53 yards (16-M.Melton, 13-K.Clark).",kickoff,0.0,0.0,0.0,0.0,0.0,0.0,0.0,,,,,,,,63.0,,,3.0,3.0,0.0,,,,,3.0,3.0,0.0,7.0,0.0,7.0,-7.0,0.0,7.0,-7.0,0.015048878,0.13433562,0.001988685,0.23314798,0.2130732,0.003136158,0.39926952,0.0,0.0,1.4013585,1.8823549,-4.4149957,4.4149957,-0.25641,0.25641,-5.7155485,5.7155485,,,0.0,0.0,-2.6037614,2.6037614,-4.56486,4.56486,-3.119902,3.119902,-3.5810943,3.5810943,0.38566035,0.61433965,0.38566035,0.61433965,0.048634857,0.07229662,0.07229662,0.4342952,0.5657048,0.5535933,0.5535933,0.010751635,-0.010751635,-0.1902526,0.1902526,,,0.0,0.0,-0.04647932,0.04647932,-0.17402932,0.17402932,-0.04647932,0.04647932,-0.15864727,0.15864727,0.0,0.0,0.0,0.0,0.0,0.0,0.0,0.0,0.0,0.0,0.0,0.0,0.0,0.0,0.0,0.0,0.0,0.0,0.0,0.0,0.0,0.0,0.0,0.0,0.0,0.0,0.0,0.0,0.0,0.0,0.0,0.0,0.0,0.0,0.0,0.0,0.0,0.0,0.0,0.0,0.0,0.0,1.0,0.0,0.0,0.0,1.0,0.0,0.0,0.0,0.0,,,,,,,,,,,,,,,,,,,,,,,,,,B.Codrington,00-0039333,,,,,M.Prater,00-0023853,,,,,,,,,,,,,,,,,,,,,,,,,00-0038984,K.Clark,ARI,,,,,,,,,,1.0,00-0039807,M.Melton,ARI,,,,,,,,,,,,,,,,,,,,,,,,,,,,BUF,53.0,,,,,0.0,,,0.0,0.0,0.0,0.0,,,2024,,,6.0,1.0,First down,422.0,"9/8/24, 13:03:02",2024-09-08T17:19:41.557Z,Highmark Stadium,"Clouds and sun with wind Temp: 61° F, Humidity: 55%, Wind: W 20 mph",7d40236a-1312-11ef-afd1-646009f18b2e,0,0.0,KICK_OFF,1.0,,2024-09-08T17:19:53.017Z,,2.0,Turnover,2024-09-08T17:19:41.557Z,4.0,2:23,2.0,1.0,0.0,1.0,1.0,0.0,KICKOFF,FUMBLE,07:47,05:24,ARI 45,ARI 19,422.0,528.0,28,34,Home,6,62,6.5,46.0,0,outdoors,a_turf,61.0,20.0,Sean McDermott,Jonathan Gannon,BUF00,New Era Field,0.0,1.0,,,,,,,0.0,0.0,0.0,1.0,0.0,,,,,,,,,,,1.0,0.0,1.8823549,,,,,,,
457.0,2024_01_ARI_BUF,2024090801,BUF,ARI,REG,1,BUF,home,ARI,ARI,45.0,2024-09-08,459.0,1359.0,3159.0,Half1,0.0,2.0,0.0,1.0,1.0,0,07:39,ARI 45,10.0,16.0,(7:39) 4-J.Cook left guard to ARI 36 for 9 yards (34-J.Thompson).,run,9.0,0.0,0.0,0.0,0.0,0.0,0.0,,,,,left,guard,,,,,3.0,3.0,0.0,,,,,3.0,3.0,0.0,7.0,0.0,7.0,-7.0,0.0,7.0,-7.0,0.009115357,0.07288144,0.0011615298,0.12283544,0.29333782,0.0040327087,0.4966357,0.0,0.0,3.2837133,0.6488184,-3.7661774,3.7661774,0.3924084,-0.3924084,-5.7155485,5.7155485,,,0.0,0.0,-2.6037614,2.6037614,-4.56486,4.56486,-3.119902,3.119902,-3.5810943,3.5810943,0.4342952,0.5657048,0.4342952,0.5657048,0.030003428,0.04906851,0.04906851,0.46429864,0.5357014,0.6258899,0.6258899,0.040755063,-0.040755063,-0.1902526,0.1902526,,,0.0,0.0,-0.04647932,0.04647932,-0.17402932,0.17402932,-0.04647932,0.04647932,-0.15864727,0.15864727,0.0,0.0,0.0,0.0,0.0,0.0,0.0,0.0,0.0,0.0,0.0,0.0,0.0,0.0,0.0,0.0,0.0,0.0,0.0,0.0,0.0,0.0,0.0,0.0,1.0,0.0,0.0,0.0,0.0,0.0,0.0,0.0,1.0,0.0,0.0,0.0,0.0,0.0,0.0,0.0,0.0,0.0,0.0,0.0,0.0,0.0,0.0,0.0,0.0,0.0,0.0,,,,,,,00-0037248,J.Cook,9.0,,,,,,,,,,,,,,,,,,,,,,,,,,,,,,,,,,,,,,,,,,,ARI,,00-0035705,,J.Thompson,,,,,,,,,,,,,,0.0,,,,,,,,,,,,,,,,,,,,,,,,,,,,,,,,0.0,,,,,0.0,,,0.0,0.0,0.0,0.0,,,2024,,,6.0,1.0,First down,457.0,"9/8/24, 13:03:02",2024-09-08T17:20:27.980Z,Highmark Stadium,"Clouds and sun with wind Temp: 61° F, Humidity: 55%, Wind: W 20 mph",7d40236a-1312-11ef-afd1-646009f18b2e,0,0.0,RUSH,0.0,,2024-09-08T17:20:32.457Z,,2.0,Turnover,2024-09-08T17:19:41.557Z,4.0,2:23,2.0,1.0,0.0,1.0,1.0,0.0,KICKOFF,FUMBLE,07:47,05:24,ARI 45,ARI 19,422.0,528.0,28,34,Home,6,62,6.5,46.0,0,outdoors,a_turf,61.0,20.0,Sean McDermott,Jonathan Gannon,BUF00,New Era Field,0.0,1.0,,,J.Cook,4.0,,,0.0,1.0,0.0,0.0,1.0,,00-0037248,,J.Cook,4.0,00-0037248,J.Cook,00-0037248,J.Cook,00-0037248,0.0,0.0,0.6488184,,,,,,0.513749,-51.3749
479.0,2024_01_ARI_BUF,2024090801,BUF,ARI,REG,1,BUF,home,ARI,ARI,36.0,2024-09-08,418.0,1318.0,3118.0,Half1,0.0,2.0,0.0,1.0,2.0,0,06:58,ARI 36,1.0,16.0,(6:58) 70-A.Anderson reported in as eligible. 4-J.Cook right guard to ARI 33 for 3 yards (25-Z.Collins; 34-J.Thompson).,run,3.0,0.0,0.0,0.0,0.0,0.0,0.0,,,,,right,guard,,,,,3.0,3.0,0.0,,,,,3.0,3.0,0.0,7.0,0.0,7.0,-7.0,0.0,7.0,-7.0,0.0082778735,0.05135291,0.00093442696,0.08689138,0.3152534,0.0020182189,0.53527176,0.0,0.0,3.9325318,0.03945768,-3.7267196,3.7267196,0.43186608,-0.43186608,-5.7155485,5.7155485,,,0.0,0.0,-2.6037614,2.6037614,-4.56486,4.56486,-3.119902,3.119902,-3.5810943,3.5810943,0.46429864,0.5357014,0.46429864,0.5357014,-0.012873918,-0.0002090931,-0.0002090931,0.45142472,0.5485753,0.6749584,0.6749584,0.027881145,-0.027881145,-0.1902526,0.1902526,,,0.0,0.0,-0.04647932,0.04647932,-0.17402932,0.17402932,-0.04647932,0.04647932,-0.15864727,0.15864727,0.0,1.0,0.0,0.0,0.0,0.0,0.0,0.0,0.0,0.0,0.0,0.0,0.0,0.0,0.0,0.0,0.0,0.0,0.0,0.0,0.0,0.0,0.0,0.0,0.0,0.0,0.0,0.0,0.0,0.0,0.0,0.0,1.0,0.0,0.0,0.0,0.0,0.0,0.0,0.0,0.0,0.0,0.0,0.0,0.0,0.0,1.0,0.0,0.0,0.0,0.0,,,,,,,00-0037248,J.Cook,3.0,,,,,,,,,,,,,,,,,,,,,,,,,,,,,,,,,,,,,,,,,,,,,,,,,00-0036933,Z.Collins,ARI,00-0035705,J.Thompson,ARI,,,,,,,0.0,,,,,,,,,,,,,,,,,,,,,,,,,,,,,,,,0.0,,,,,0.0,,,0.0,0.0,0.0,0.0,,,2024,,,6.0,1.0,First down,479.0,"9/8/24, 13:03:02",2024-09-08T17:21:09.223Z,Highmark Stadium,"Clouds and sun with wind Temp: 61° F, Humidity: 55%, Wind: W 20 mph",7d40236a-1312-11ef-afd1-646009f18b2e,0,0.0,RUSH,0.0,,2024-09-08T17:21:14.617Z,,2.0,Turnover,2024-09-08T17:19:41.557Z,4.0,2:23,2.0,1.0,0.0,1.0,1.0,0.0,KICKOFF,FUMBLE,07:47,05:24,ARI 45,ARI 19,422.0,528.0,28,34,Home,6,62,6.5,46.0,0,outdoors,a_turf,61.0,20.0,Sean McDermott,Jonathan Gannon,BUF00,New Era Field,0.0,1.0,,,J.Cook,4.0,,,0.0,1.0,1.0,0.0,1.0,,00-0037248,,J.Cook,4.0,00-0037248,J.Cook,00-0037248,J.Cook,00-0037248,0.0,0.0,0.03945768,,,,,,0.24592662,-24.592663
503.0,2024_01_ARI_BUF,2024090801,BUF,ARI,REG,1,BUF,home,ARI,ARI,33.0,2024-09-08,375.0,1275.0,3075.0,Half1,0.0,2.0,0.0,1.0,1.0,0,06:15,ARI 33,10.0,16.0,(6:15) (Shotgun) 17-J.Allen pass short middle to 13-M.Hollins to ARI 19 for 14 yards (3-B.Baker).,pass,14.0,1.0,0.0,1.0,0.0,0.0,0.0,short,middle,13.0,1.0,,,,,,,3.0,3.0,0.0,,,,,3.0,3.0,0.0,7.0,0.0,7.0,-7.0,0.0,7.0,-7.0,0.008057486,0.04525499,0.00085321843,0.080663264,0.34390152,0.001297472,0.519972,0.0,0.0,3.9719894,0.913284,-2.8134356,2.8134356,0.43186608,-0.43186608,-4.8022647,4.8022647,0.8680785,0.045205574,0.8680785,0.045205574,-1.7356828,1.7356828,-4.5196543,4.5196543,-2.2518234,2.2518234,-3.5358887,3.5358887,0.45142472,0.5485753,0.45142472,0.5485753,0.035256892,0.029862165,0.029862165,0.4866816,0.5133184,0.6747493,0.6747493,0.027881145,-0.027881145,-0.15499571,0.15499571,0.0,0.035256892,0.0,0.035256892,-0.04647932,0.04647932,-0.13877243,0.13877243,-0.04647932,0.04647932,-0.12339038,0.12339038,0.0,0.0,1.0,0.0,0.0,0.0,0.0,0.0,0.0,0.0,0.0,0.0,0.0,0.0,0.0,0.0,0.0,0.0,0.0,0.0,0.0,0.0,0.0,0.0,1.0,0.0,0.0,0.0,0.0,0.0,0.0,0.0,0.0,1.0,0.0,0.0,0.0,0.0,0.0,0.0,0.0,0.0,0.0,0.0,0.0,1.0,0.0,0.0,0.0,0.0,0.0,00-0034857,J.Allen,14.0,00-0033555,M.Hollins,14.0,,,,,,,,,,,,,,,,,,,,,,,,,,,,,,,,,,,,,,,,,,,,,,ARI,,00-0033890,,B.Baker,,,,,,,,,,,,,,0.0,,,,,,,,,,,,,,,,,,,,,,,,,,,,,,,,0.0,,,,,0.0,,,0.0,0.0,0.0,0.0,,,2024,0.7102529,28.974712,7.0,1.0,First down,503.0,"9/8/24, 13:03:02",2024-09-08T17:21:51.820Z,Highmark Stadium,"Clouds and sun with wind Temp: 61° F, Humidity: 55%, Wind: W 20 mph",7d40236a-1312-11ef-afd1-646009f18b2e,0,0.0,PASS,0.0,,2024-09-08T17:21:55.900Z,,2.0,Turnover,2024-09-08T17:19:41.557Z,4.0,2:23,2.0,1.0,0.0,1.0,1.0,0.0,KICKOFF,FUMBLE,07:47,05:24,ARI 45,ARI 19,422.0,528.0,28,34,Home,6,62,6.5,46.0,0,outdoors,a_turf,61.0,20.0,Sean McDermott,Jonathan Gannon,BUF00,New Era Field,0.0,1.0,J.Allen,17.0,,,M.Hollins,13.0,1.0,0.0,1.0,0.0,1.0,00-0034857,,00-0033555,J.Allen,17.0,00-0034857,M.Hollins,00-0033555,M.Hollins,00-0033555,0.0,0.0,0.913284,0.2967342,4.1873055,2.0,1.0,0.99891853,0.5166281,48.337193
